Q-3	6ffe0fab2c1e7a580100a0985581cdb8473a832f32097a9400131050786da302
Q-6	1e997e25ef54532d376c28e161ef014724280af5e991ada206e225764825241d
Q-7	169e011ecb78ecc1b414372bf6fa3a0f2e94aaeb809ca335e9fc2ddc677873ed
Q-9	a16d507b578079b5f8b523f5a9512d961f2718f9c3d3c7af9b852447d0866923
Q-11	afc6ded07f2b7287e962d87aefe05b2ef4817320bf406c8ac1054c3368c61ce2
Q-12	dac183f08ee1241de3e38a38c546aa02d404820965cc6505c333d372c76e997e
Q-13	8c81b5eaf7a9b0948e09da0bb2b1d30de53d59947f5d4109129f0b7cb37906f3
Q-14	0195f8154e7a08f065c6f83c5ad2fd5303de6fe88f14f98040a82828c7bd964a
Q-20	aa659dfaf84704e35d22ee300a27b10a57830537d5575b4331857ac85f654d51
E1-T2-MECH-TAX	1ba0db19156236a69580be5129581a633bd405659d123f18870d9069591fb2ca
Q-28	3a37a1c3894cdb718c77333d6afdf3e08b9879da980210175375adffd4c40e61
Q-30	c5cd07cda4e10189574befb7aeb46a0fb46d50450c32ad7cb83fce54c6b89fb9
RQ-3	f9b439b7655d07213ed9846586ff9c3d997630d4bd4d25d226099638a3269ae8
CODE-REPO-STANDUP	a571193d0a9e5a21c58d6bffd0c3c20a41ccea8fa04f09ebe827679767ddacfc
Q-34	d051a750a78d2e0ce1da4cd0cd208c874c829fd41fb8a4224f1ac02cf1ff119c
Q-35	e4f9777094643b4ec8c04d650468eb5bca767ff42f7c69c75fc85c5f98c71cad
Q-37	6f52f85bffc85f2c6eb2ffb6ab4de52e3365ae0449e1cb0d527a37cff00f151c
Q-38	7d33d96d4b8041ff865fe6b28a5047a7309dee68178af75e1f461145835b91cf
Q-39	5f7b8cdc8ada46536bd93dfafab4dae071fdd4cf628b169ed385fd70ad7116be
Q-40	fe228b0bd15e00b01ffb3bcb752661d7b6ed9c0f3df899400d1399df4b8ef485
Q-47	c0a493eff877d8443a25572f3e40ba2e7d79c9fe9a57fed206b8edde72b71283
Q-55	13300ac79c155d5beb3a190a30281f2c86e20f18305ccd97033e4c9d779eb176
Q-62	9182efb96b7574b95cb0c5343ffd7476dc11c1ab393ad8320198010b44b46c0d
Q-68	e4c37ef9a010813b6c595b2eba2ef54c678f58c96ec2c69337730982785b1697
Q-69	e3dc976c886ab294edd0c0dd12b24c8acb399862659f32dd1c1b6f294d161330
Q-70	0b8994964536a64d94c2ab7b4ce3a13bfe7f2a0eeb5f002bf94bd79f6021cc0a
PARITY-REGISTRY	183603b0e937bf34a2786ba544812ffb113556526f5bcd8614495f59140b6478
ORACLE-AUTOMATION	8a10c3364b3242ee8f5ed20d4b9c2bb3be8e3502c161498944544a31d5ba6a5b
SOURCE-MAP-REST	0b9686e17bcf96c64400c2f6659d91783edbc7d3b537d4ada173c106d9986105
CC-READONLY-PRINCIPAL	cb5b216fc641f6ab2a7b9be8e93d2742c93f6d44c4bf8b9590c688f9a057fb48
Q-76	ef4249fe973dd95a5bd85136a9f2aaec72adb471093090ec64591a434554f8bf
Q-75	674a2bbc76a76279739a737f3bb7dd9923aff052f59d59980166f9606642c089
Q-78	493dd358d85f152ffd700668cb78ce48956f4540373407f214f48ad5c343141c
Q-79	6e7eab08a64572c0c3554a3c686eaf6360fa3578d98f9c0d5088951c84c40d90
Q-80	16311485fcdcc674d105810bb56f8be50b61391f18617d2113e93ff6c23a49c7
Q-81	34a532873e0c538ca2aa582f4a5468bb09fa6e95f5179f69f8b51911b9a052b7
Q-82	0797773e7fde263967852c8a7a1b1cabd5796e683da7749c2d3a643e9c09aebf
Q-84	586e9f341114bfe8db36c5d6b8d5097bcf88e67afc299b7d4780173a12bd5073
LAUNCH-RUNBOOK	9881fc578ada1e7c225843b18402a44e7a5f5fc42cd9aa102f01e842f462f704
Q-85	dbda3b2c62409dd84c369fd3e254869807f6e0615f2ee4bbb14a84065fae9e66
LS-COUNTERPARTY-RETURNS-FIX	8b651e37afb681c04529e248d28a73fdd9d4073cb3da833786d2619634341d9a
LS-RETURNS-FX-HARDCODE	4fb332e9a70a51f67b1dca8c702142c23feab75f661f6d29623c07715dde3722
LS-PERIOD-CONTRACT	7af0ee7b45278fa146144cc4f4d907b90e898ef589c60a078ce0db1d88bbd511
LS-INVENTORY-EXPLICIT-COLUMNS	7525807c3ad7879de06776e186af56656feecb18f8f7d97e047c334357e8562c
Q-92	5500fae77bcb4da118bde2e47920522d76a13640f017a9865c8488920ad52571
Q-93	b8f5fce797d4f30249d359965ddf838663c095fced148524b9d16d59c865ec09
INGEST-MOMENT-ZONE-FIX	408ee7b6e6ddf6d7c4c3520dc44d66e693894cb2d790f2103cc6b3ec338d0ce1
PARITY-CHECK-SALES-RETURNS	0f7765651291b59ffa992084e843e41b2ecdcd33ab7069031bafa33ce4baea6f
Q-101	29e8796b5b85b8f280ffd654a31c42d2cb26b081160c897df6bf19eb80b1b804
SALES-CONSIGNMENT-REVENUE	1e3cbc38746fb0e61cb5afe4b0053488a68203622d43db4903e275d390eea786
SALES-PERIMETER-EXTEND	008febf9b0e51c4d5dc7fe6b2b65e48fc2e5d3973d99313a90d331766c3da2e7
SALES-REFRESH-WINDOW	20662f1d5b92588c5d9726b372df923689cc0daa9049651651ebdf760dc60f9e
Q-94	fbb3f8efc5c0335da97e867c3d42191bdc01fa9d2ade1fde28c69727d46b4d24
Q-97	635937bc26ed616a782efb33d9cd89f6ae714dae0f2bef9e9b9e9ee5869b5946
FX-MAY-WINDOW-D1-TAIL	f64b34f34489f03f74002fcff5077e5f3642d41f1529b1e49818c0a21fea0c52
AUDIT-SNAPSHOT-FIX-EMPLOYEES	10d85f692e1d4c1df5d0421dedc924a12c484dbe3b656ea696e8b5d90c32f37a
AUDIT-COUNTERPARTIES-SNAPSHOT-RETIRE	991d2b3e74744337a4ad8b2c19e6fbbd4f5af49eb0a6c91a01538e7f33565199
INGEST-CURRENCY-ASSERT	5527141ef5e58f594d6827dc30dbff3d5bcc1f21975e20dcebb7beb7f75d691a
METHOD-PROMOTE-LOCAL-RULES	b14157037a596c3c3d751c97890dee88c302f561b54eae3aa67eaaf329f6e553
MSKLAD-TZ-PROPOSAL	e8533e9b74e32943e7590f75fd6bd3aefe5573d779636042b781bf729b7c57f3
PARITY-ZONE-SNAPSHOT-DECISION	46f69b13bb2961ed11e822a478889fe740a6832175ee39039b22de27f0c26891
STATE-DETAILS-BUDGET	3ae6c3b2ca5f8efc366bfc9416441002a0038033723362ff910e9860c99757c4
